Whatever,Time,Sample,Eth pA,Oxi pA,Bins
1225,0,Control,750,0,0
1225,0,Control,700,0,0
1225,0,Control,650,0,0
1255,30,TOM A113F,374,8.9,30.0
1257,32,TOM A113F,284,8.3,30.0
1259,34,TOM A113F,314,8.8,30.0
1301,76,TOM V106I A113S,697,0,60
1303,78,TOM V106I A113S,731,0,60
1305,80,TOM V106I A113S,702,0,60
1327,102,TOM A113F,201,14.4,120.0
1329,104,TOM A113F,161,12.89,120.00
1331,106,TOM A113F,161,12.14,120.00
1333,108,TOM V106I A113S,750,1.8,120.0
1335,110,TOM V106I A113S,660,1.6,120.0
1337,112,TOM V106I A113S,643,1.7,120.0
1438,213,TOM A113F,36,15.2,220.0
1440,215,TOM A113F,34,14.1,220.0
1446,221,TOM V106I A113S,590,1.88,220.00
1448,223,TOM V106I A113S,573,1.63,220.00
1450,225,TOM V106I A113S,563,1.7,220.00
1816,591,TOM A113F,1,8.7,600.0
1820,595,TOM A113F,1,10.2,600.0
1822,597,TOM A113F,1,11.6,600.0
1823,598,TOM V106I A113S,497,1.98,600.0
1827,602,TOM V106I A113S,497,1.67,600.0
2000,600,Control,750,0,600.0
2000,600,Control,700,0,600.0
2000,600,Control,650,0,600.0
1540,40,T4MO,366,2.95,30.00
1542,42,T4MO,346,3.37,30.00
1544,44,T4MO,318,3.42,30.00
1547,47,T4MO G103S A107T,224,4.41,30.00
1549,49,T4MO G103S A107T,204,4.25,30.00
1551,51,T4MO G103S A107T,247,5.41,30.00
1611,111,T4MO,246,3.4,120.0
1613,113,T4MO,258,3.82,120.0
1615,115,T4MO,268,4.22,120.0
1617,117,T4MO G103S A107T,185,5.48,120.0
1619,119,T4MO G103S A107T,177,5.43,120.0
1622,122,T4MO G103S A107T,164,5.12,120.0
1916,416,T4MO,194,4.48,400.0
1918,418,T4MO,202,5.15,400.0
1921,421,T4MO,144,5.17,400.0
1923,423,T4MO G103S A107T,154,5.59,400.0
1925,425,T4MO G103S A107T,142,5.44,400.0
1927,427,T4MO G103S A107T,157,5.77,400.0
