Time,Strain,Eth,Oxi
17:16,Buffer,1550,0
17:16,Buffer,1600,0
17:18,Buffer,1700,0
17:20,Wild type TOM,1495,0
17:18,Wild type TOM,1647,0
17:20,Wild type TOM,1495,0
16:56,A113V,768,12
16:58,A113V,665,11
17:00,A113V,526,14
17:02,V106E,540,19
17:05,V106E,300,26
17:07,V106E,326,17
17:10,V106A,1730,1
17:11,V106A,1850,1
17:13,V106A,1580,1
17:22,"V106R+A113W",1590,0
17:24,"V106R+A113W",1060,0
17:26,"V106R+A113W",1590,0
17:28,"V106P+A113G",1670,0
17:30,"V106P+A113G",1523,0
17:32,"V106P+A113G",1700,0
17:34,V106F,0,16
17:36,V106F,0,17
17:38,V106F,0,16
17:52,"V106Q+A113Q",1229,0
17:54,"V106Q+A113Q",1380,0
17:57,"V106Q+A113Q",1137,0
17:59,A113F,0,14
18:00,A113F,0,11
18:02,A113F,0,12
18:04,"V106I+A113S",1169,0
18:06,"V106I+A113S",1205,0
18:09,"V106I+A113S",1389,0
18:11,"V106H+A113S",832,2
18:13,"V106H+A113S",808,2
18:15,"V106H+A113S",1034,2
18:17,A113H,1081,0
18:19,A113H,995,0
18:21,A113H,645,0
